&#65279;"Key","Item Type","Publication Year","Author","Title","Publication Title","ISBN","ISSN","DOI","Url","Abstract Note","Date","Date Added","Date Modified","Access Date","Pages","Num Pages","Issue","Volume","Number Of Volumes","Journal Abbreviation","Short Title","Series","Series Number","Series Text","Series Title","Publisher","Place","Language","Rights","Type","Archive","Archive Location","Library Catalog","Call Number","Extra","Notes","File Attachments","Link Attachments","Manual Tags","Automatic Tags","Editor","Series Editor","Translator","Contributor","Attorney Agent","Book Author","Cast Member","Commenter","Composer","Cosponsor","Counsel","Interviewer","Producer","Recipient","Reviewed Author","Scriptwriter","Words By","Guest","Number","Edition","Running Time","Scale","Medium","Artwork Size","Filing Date","Application Number","Assignee","Issuing Authority","Country","Meeting Name","Conference Name","Court","References","Reporter","Legal Status","Priority Numbers","Programming Language","Version","System","Code","Code Number","Section","Session","Committee","History","Legislative Body"
"7RU4D4CL","book","2018","Green, Jen","Women in science","","978-1-4654-6860-4 978-1-4654-6859-8 978-0-7804-0038-2 978-1-5182-5354-6","","","http://www.perma-bound.com/ws/image/cover/000152980/m","","2018","2020-09-16 14:40:11","2020-09-25 19:32:07","2020-09-16 14:40:09","","64","","","","","","DK. Level 3, Beginning to read alone","","","","DK Publishing","New York, New York","English","","","","","WorldCat Discovery Service","","Section: 64 pages : illustrations (some color) ; 23 cm.","","","","Biographies.; Chapter-headings.; JUVENILE NONFICTION Biography & Autobiography Science & Technology.; JUVENILE NONFICTION Biography & Autobiography Women.; JUVENILE NONFICTION Reader Intermediate.; Juvenile works.; Readers (Primary); Readers (Publications); Women in science Biography.; Women in science Juvenile literature.; Women in science.","","","","","","","","","","","","","","","","","","","","","First American edition.","","","","","","","","","","","","","","","","","","","","","","","","","",""
"9ZSR6RAF","book","2009","Layne, Margaret.","Women in engineering. Pioneers and trailblazers","","978-0-7844-0980-0","","","http://books.google.com/books?isbn=9780784409800","","2009","2020-09-16 14:40:11","2020-09-25 19:31:20","2020-09-16 14:40:09","","xi, 247","","","","","","","","","","ASCE Press","Reston, Va.","English","","","","","WorldCat Discovery Service","","Section: xi, 247 pages : illustrations ; 23 cm","","","","Kvinnliga uppfinnare.; Sociale geschiedenis.; Vernieuwing.; Vrouwen.; Women engineers.; Women in engineering.; Women inventors.","","","","","","","","","","","","","","","","","","","","","","","","","","","","","","","","","","","","","","","","","","","","","","",""
"DGQPJUXG","book","2014","Lewis, Anna M.","Women of steel and stone: 22 inspirational architects, engineers, and landscape designers","","978-1-61374-508-3 978-1-61373-667-8","","","http://www.chicagoreviewpress.com","","2014","2020-09-16 14:40:11","2020-09-25 19:30:38","2020-09-16 14:40:10","","264","","","","","Women of steel and stone","Women of action","","","","Chicago Review Press","Chicago","English","","","","","WorldCat Discovery Service","","Section: 264 pages : illustrations ; 22 cm.","","","","Architects.; Biographies.; Engineers.; Ingenjörer.; JUVENILE NONFICTION Architecture.; JUVENILE NONFICTION Biography & Autobiography Science & Technology.; JUVENILE NONFICTION Biography & Autobiography Women.; JUVENILE NONFICTION Girls & Women.; Juvenile works.; Kvinnliga arkitekter.; Kvinnor.; Landscape architects.; Landskapsarkitekter.; Studie- och yrkesorientering.; Vocational guidance.; Women architects Biography Juvenile literature.; Women architects Biography.; Women architects.; Women Biography.; Women engineers Biography Juvenile literature.; Women engineers Biography.; Women engineers.; Women landscape architects Biography Juvenile literature.; Women landscape architects Biography.; Women landscape architects.; Women Vocational guidance Juvenile literature.; Women Vocational guidance.","","","","","","","","","","","","","","","","","","","","","First edition.","","","","","","","","","","","","","","","","","","","","","","","","","",""
"2K52AEH9","book","2009","Layne, Margaret.","Women in engineering. Professional life","","978-0-7844-0991-6","","","http://books.google.com/books?isbn=9780784409916","","2009","2020-09-16 14:40:11","2020-09-25 19:31:01","2020-09-16 14:40:10","","xi, 257","","","","","","","","","","American Society of Civil Engineers","Reston, Va.","English","","","","","WorldCat Discovery Service","","Section: xi, 257 pages ; 23 cm","","","","Women engineers Professional relationships.; Women in engineering.","","","","","","","","","","","","","","","","","","","","","","","","","","","","","","","","","","","","","","","","","","","","","","",""
"7AX6BGET","book","2006","Fox, Mary Frank.; Johnson, Deborah G.; Rosser, Sue Vilhauer.","Women, gender, and technology","","978-0-252-03095-6 978-0-252-07336-6","","","http://catdir.loc.gov/catdir/toc/ecip0614/2006018048.html","","2006","2020-09-16 14:40:11","2020-09-25 19:34:30","2020-09-16 14:40:10","","viii, 204","","","","","","Women, gender, and technology","","","","University of Illinois Press","Urbana","English","","","","","WorldCat Discovery Service","","Section: viii, 204 pages : illustrations ; 23 cm.","","","","Computers and women United States.; Computers and women.; Femmes, Effets des innovations sur les États-Unis.; Frau; Frau.; Informatietechnologie.; Information technology Social aspects United States.; Information technology Social aspects.; Ordinateurs et femmes États-Unis.; Sekseverschillen.; Technologie; Technologie de l'information Aspect social États-Unis.; Technologie.; United States.; USA; USA.; Verenigde Staten.; Vrouwen.; Women Effect of technological innovations on United States.; Women Effect of technological innovations on.","","","","","","","","","","","","","","","","","","","","","","","","","","","","","","","","","","","","","","","","","","","","","","",""
"I683P5VA","book","2017","Gagne, Tammy","Women in engineering","","978-1-68078-267-7","","","131710","","2017","2020-09-16 14:40:11","2020-09-25 19:34:11","2020-09-16 14:40:10","","48","","","","","","Women in STEM","","","","Core Library, an imprint of Abdo Publishing","Mankato, Minnesota","English","","","","","WorldCat Discovery Service","","Section: 48 pages : illustrations (chiefly color) ; 24 cm.","","","","Engineering Vocational guidance.; Juvenile works.; Literature.; Technology Vocational guidance.; Vocational guidance.; Women engineers.; Women in engineering Juvenile literature.; Women in engineering.","","","","","","","","","","","","","","","","","","","","","","","","","","","","","","","","","","","","","","","","","","","","","","",""
"P7CLLKFI","book","2007","Engineers Australia.","Women in engineering: stories of inspiration.","","978-0-85825-727-6","","","","","2007","2020-09-16 14:40:11","2020-09-25 19:35:20","","","25","","","","","Women in engineering","","","","","Engineers Australia","Barton, ACT","English","","","","","WorldCat Discovery Service","","Section: 25 pages : portraits ; 22 x 30 cm","","","","Australia.; Biographies.; Women engineers Australia Biography.; Women engineers.","","","","","","","","","","","","","","","","","","","","","","","","","","","","","","","","","","","","","","","","","","","","","","",""
"INDPTX2J","book","2017","Edwards, Sue Bradford","Women in science","","978-1-68078-294-3","","","","","2017","2020-09-16 14:40:11","2020-09-25 19:35:52","","","112","","","","","","Women's lives in history","","","","Essential Library, an imprint of Abdo Publishing","Minneapolis, Minnesota","English","","","","","WorldCat Discovery Service","","Section: 112 pages : illustrations (some color) ; 22 x 25 cm.","","","","Biographies.; Juvenile works.; Women in science Juvenile literature.; Women in science.; Women scientists Biography Juvenile literature.; Women scientists.","","","","","","","","","","","","","","","","","","","","","","","","","","","","","","","","","","","","","","","","","","","","","","",""
"DMRE86U3","book","2016","Ignotofsky, Rachel","Women in science: 50 fearless pioneers who changed the world","","978-1-60774-976-9","","","http://www.tenspeed.com","","2016","2020-09-16 14:40:11","2020-09-25 19:31:43","2020-09-16 14:40:11","","127","","","","","Women in science","","","","","Ten Speed Press","New York","English","","","","","WorldCat Discovery Service","","Section: 127 pages : color illustrations ; 24 cm","","","","Biographies.; BIOGRAPHY & AUTOBIOGRAPHY / Science & Technology.; BIOGRAPHY & AUTOBIOGRAPHY Science & Technology.; Biography.; Comic books, strips, etc.; Femmes dans les sciences.; Femmes scientifiques Biographies.; Juvenile works.; Medicine Comic books, strips, etc.; Medicine.; SCIENCE / Reference.; SCIENCE Reference.; SOCIAL SCIENCE / Women's Studies.; SOCIAL SCIENCE Women's Studies.; Women Biography.; Women scientists Biography Juvenile literature.; Women scientists Biography.; Women scientists.; YOUNG ADULT NONFICTION Biography & Autobiography Women.; YOUNG ADULT NONFICTION Biography & Autobiography.","","","","","","","","","","","","","","","","","","","","","First edition.","","","","","","","","","","","","","","","","","","","","","","","","","",""
"SJ7K35A3","book","2003","Xie, Yu; Shauman, Kimberlee A.","Women in science: career processes and outcomes","","978-0-674-01034-5 978-0-674-01859-4","","","http://www.gbv.de/dms/goettingen/369664515.pdf","","2003","2020-09-16 14:40:11","2020-09-25 19:30:13","2020-09-16 14:40:11","","xvi, 318","","","","","Women in science","","","","","Harvard University Press","Cambridge, Mass.","English","","","","","WorldCat Discovery Service","","Section: xvi, 318 pages : illustrations ; 25 cm","","","","Femmes dans les sciences.; Femmes scientifiques.; Technische wetenschappen.; Vrouwen.; Women in science.; Women scientists.","","","","","","","","","","","","","","","","","","","","","","","","","","","","","","","","","","","","","","","","","","","","","","",""
"WT3WWY8R","book","2005","Walton, Andrea","Women and philanthropy in education","","978-0-253-34466-3","","","http://site.ebrary.com/id/10124802","","2005","2020-09-16 14:40:29","2020-09-25 18:55:12","2020-09-16 14:40:28","","xi, 356","","","","","","Philanthropic and nonprofit studies","","","","Indiana University Press","Bloomington","English","","","","","WorldCat Discovery Service","","Section: xi, 356 pages ; 25 cm.","","","","19e siècle.; 20e siècle.; Éducation des femmes.; Endowments United States History.; Endowments.; Enseignement supérieur.; États-Unis.; Femme.; Femmes dans l'enseignement supérieur États-Unis Histoire.; Femmes Enseignement supérieur États-Unis Histoire.; Femmes philanthropes États-Unis Histoire.; Fondation (Institution); Fondations États-Unis Histoire.; Histoire.; History.; Hochschullehrerin.; Philanthropie.; United States.; USA.; Women in higher education United States History.; Women in higher education.; Women philanthropists United States History.; Women philanthropists.","","","","","","","","","","","","","","","","","","","","","","","","","","","","","","","","","","","","","","","","","","","","","","",""
"IKLR9XPR","book","0000","Women in Engineering.; University of Adelaide. Equal Opportunity Office.","Women doing engineering: join us.","","","","","","","0000","2020-09-16 14:40:29","2020-09-25 18:54:42","","","","","","","","Women doing engineering","","","","","Women in Engineering","Glenside, S. Aust.","English","","","","","WorldCat Discovery Service","","Section: 17 unnumbered pages : portraits ; 30 cm","","","","South Australia.; Women engineers Australia South Australia.; Women engineers.; Women in engineering Australia South Australia.; Women in engineering.","","","","","","","","","","","","","","","","","","","","","","","","","","","","","","","","","","","","","","","","","","","","","","",""
"83ZZ7UFL","book","2018","Green, Jen; Zishan, Mohd","Women in science","","978-0-241-31595-8","","","","","2018","2020-09-16 14:40:29","2020-09-25 18:56:38","","","64","","","","","","DK. Level 3, Beginning to read alone","","","","Dorling Kindersley","London, England","English","","","","","WorldCat Discovery Service","","Section: 64 pages : illustrations (chiefly colour), portraits (chiefly colour) ; 24 cm.","","","","Biographies.; Chapter-headings.; JUVENILE NONFICTION Biography & Autobiography Science & Technology.; JUVENILE NONFICTION Biography & Autobiography Women.; JUVENILE NONFICTION Reader Intermediate.; Juvenile works.; Readers (Primary); Readers (Publications); Women in science Biography.; Women in science Juvenile literature.; Women in science.","","","","","","","","","","","","","","","","","","","","","","","","","","","","","","","","","","","","","","","","","","","","","","",""
"A6F6LCVL","book","2016","Scelfo, Julie; Heald, Hallie","The women who made New York","","978-1-58005-653-3","","","","","2016","2020-09-16 14:40:29","2020-09-25 18:55:51","","","335","","","","","","","","","","Seal Press","Berkeley, California","English","","","","","WorldCat Discovery Service","","Section: 335 pages : color illustrations ; 24 cm","","","","Biographies.; HISTORY United States State & Local Middle Atlantic (DC, DE, MD, NJ, NY, PA); HISTORY Women.; History.; New York (N.Y.) History.; New York (State) New York.; SOCIAL SCIENCE Popular Culture.; SOCIAL SCIENCE Sociology Urban.; Women New York (State) New York Biography.; Women.","","","","","","","","","","","","","","","","","","","","","","","","","","","","","","","","","","","","","","","","","","","","","","",""
"55MZK2JR","book","2011","Kuzmak, Nancy.","Women engineers: stories of persistence.","","978-1-243-83020-3","","","http://gateway.proquest.com/openurl?url_ver=Z39.88-2004&rft_val_fmt=info:ofi/fmt:kev:mtx:dissertation&res_dat=xri:pqm&rft_dat=xri:pqdiss:3398687","","2011","2020-09-16 14:40:29","2020-09-25 18:56:11","2020-09-16 14:40:28","","","","","","","Women engineers","","","","","Proquest, Umi Dissertatio","[Place of publication not identified]","English","","","","","WorldCat Discovery Service","","Section: pages","","","","NONE FOUND","","","","","","","","","","","","","","","","","","","","","","","","","","","","","","","","","","","","","","","","","","","","","","",""
"4NY22N79","book","2005","Siti Hamisah Tapsir; Norliza Mohd. Noor.","Women engineers in Malaysia","","","","","","","2005","2020-09-16 14:40:29","2020-09-25 18:55:32","","","","","","","","","","","","","Universiti Teknologi Malaysia","Skudai","English","","","","","WorldCat Discovery Service","","Section: 5 unnumbered pages : illustrations ; 29 cm","","","","Malaysia.; Women engineers Malaysia.; Women engineers.","","","","","","","","","","","","","","","","","","","","","","","","","","","","","","","","","","","","","","","","","","","","","","",""
"HZH2BFAQ","book","2002","DiGeorgio-Lutz, JoAnn.","Women in higher education: empowering change","","978-0-89789-887-4","","","","","2002","2020-09-16 14:40:29","2020-09-25 18:58:07","","","viii, 184","","","","","Women in higher education","","","","","Praeger","Westport, Conn.","English","","","","","WorldCat Discovery Service","","Section: viii, 184 pages ; 25 cm","","","","Feminism and higher education.; Féminisme et enseignement supérieur.; Femmes dans l'enseignement supérieur.; Women in higher education.","","","","","","","","","","","","","","","","","","","","","","","","","","","","","","","","","","","","","","","","","","","","","","",""
"BSQSNKJ3","book","2008","Armstrong, Mabel.","Women astronomers: reaching for the stars","","978-0-9728929-5-7 978-1-4395-6891-0","","","http://catdir.loc.gov/catdir/toc/ecip0719/2007022318.html","","2008","2020-09-16 14:40:29","2020-09-25 19:00:28","2020-09-16 14:40:29","","","","","","","Women astronomers","Discovering women in science series","","","","Stone Pine Press","Marcola, Ore.","English","","","","","WorldCat Discovery Service","","Section: ix, 178, [1] pages : illustrations ; 23 cm.","","","","History.; Literature.; Oregon authors.; Women astronomers.; Women in astronomy History.; Women in astronomy.","","","","","","","","","","","","","","","","","","","","","","","","","","","","","","","","","","","","","","","","","","","","","","",""
"2QCUA8M9","book","2002","Bagilhole, Barbara","Women in non-traditional occupations: challenging men","","978-0-333-92926-1","","","","","2002","2020-09-16 14:40:29","2020-09-25 18:58:24","","","vii, 220","","","","","Women in non-traditional occupations","","","","","Palgrave Macmillan","Houndmills, Basingstoke, Hampshire ;","English","","","","","WorldCat Discovery Service","","Section: vii, 220 pages ; 23 cm","","","http://bvbr.bib-bvb.de:8991/F?func=service&doc_library=BVB01&doc_number=014764045&line_number=0001&func_code=DB_RECORDS&service_type=MEDIA","Discrimination sexuelle dans l'emploi.; Equality.; Femmes Travail.; Frau; Frau.; Gleichberechtigung; Männerberuf; Occupations.; Sex discrimination in employment.; Women Employment.","","","","","","","","","","","","","","","","","","","","","","","","","","","","","","","","","","","","","","","","","","","","","","",""
"R9XJXBNC","book","2011","Ghaffari, Elizabeth.","Women leaders at work","","978-1-4302-3729-7 978-1-4302-3730-3","","","https://doi.org/10.1007/978-1-4302-3730-3","","2011","2020-09-16 14:40:29","2020-09-25 18:57:47","2020-09-16 14:40:29","","xv, 342","","","","","","","","","","Apress ;","[Berkeley, Calif.]","English","","","","","WorldCat Discovery Service","","Section: xv, 342 pages ; 23 cm","","","","Biographies.; Leadership in women.; Women employees Biography.; Women employees.; Women Employment.","","","","","","","","","","","","","","","","","","","","","","","","","","","","","","","","","","","","","","","","","","","","","","",""
"2EDRSMVI","book","2020","Gaston-Bird, Leslie; Audio Engineering Society","Women in audio","","978-1-138-31601-0 978-1-138-31599-0","","","","","2020","2020-09-16 14:40:46","2020-09-25 18:53:22","","","xvi, 316","","","","","","Audio Engineering Society presents ...","","","","Routledge, Taylor & Francis Group","New York","English","","","","","WorldCat Discovery Service","","Section: xvi, 316 pages : illustrations ; 25 cm.","","","","Acoustical engineering.; Sound engineers Biography.; Sound engineers.; Sound Research History.; Women engineers.; Women in engineering.; Women in the broadcasting industry Biography.; Women sound engineers Biography.","","","","","","","","","","","","","","","","","","","","","","","","","","","","","","","","","","","","","","","","","","","","","","",""
"BQRMMPGM","book","2010","Associated Society of Locomotive Engineers and Firemen.","Women at work: a guide for ASLEF representatives","","","","","","","2010","2020-09-16 14:40:46","2020-09-25 18:54:24","","","22","","","","","Women at work","","","","","ASLEF","London","English","","","","","WorldCat Discovery Service","","Section: 22 pages ; 23 cm","","","","Employee rights Great Britain.; Employee rights.; Great Britain.; Handbooks and manuals.; Sex discrimination in employment Handbooks, manuals, etc.; Sex discrimination in employment.; Women Employment Handbooks, manuals, etc.; Women Employment.; Women's rights Handbooks, manuals, etc.; Women's rights.","","","","","","","","","","","","","","","","","","","","","","","","","","","","","","","","","","","","","","","","","","","","","","",""
"FLYN8ACS","book","2013","Hutchison, Katrina","Women in philosophy: what needs to change?","","978-0-19-932561-0 978-0-19-932560-3 978-0-19-932562-7","","","","","2013","2020-09-16 14:40:46","2020-09-25 18:53:05","","","viii, 271","","","","","Women in philosophy","","","","","Oxford University Press","New York, NY","English","","","","","WorldCat Discovery Service","","Section: viii, 271 pages : illustrations ; 25 cm","","","","Englisches Sprachgebiet.; Filosofer representation osynlighet.; Filosofi forskning forskare jämställdhet strategier Storbritannien Förenta staterna Australien Nya Zeeland 2000-talet.; Fördomar värderingar.; Frau.; Könsdiskriminering.; Kvinnliga filosofer.; Philosophers representation invisibility.; Philosophie.; Philosophin.; Philosophy research resarchers equality strategies Great Britain United States Australia New Zealand 21st century.; Prejudices values.; Sex discrimination.; Vrouwelijke filosofen.; Women philosophers.","","","","","","","","","","","","","","","","","","","","","","","","","","","","","","","","","","","","","","","","","","","","","","",""
"SHCVWJA8","book","2010","Zengin, Berna.","Women engineers in Turkey: gender, technology, education and professional life","","978-3-8383-3920-7","","","","","2010","2020-09-16 14:40:46","2020-09-25 18:51:31","","","v, 148","","","","","Women engineers in Turkey","","","","","Lambert Academic Publishing","Saabrücken, Germany","English","","","","","WorldCat Discovery Service","","Section: v, 148 pages : illustrations ; 23 cm","","","","Turkey.; Women engineers Turkey.; Women engineers.; Women in engineering Turkey.; Women in engineering.","","","","","","","","","","","","","","","","","","","","","","","","","","","","","","","","","","","","","","","","","","","","","","",""
"6H3UZLST","book","2018","Brereton, Catherine","Women scientists in physics and engineering","","978-1-5382-1412-1 978-1-5382-1465-7","","","","","2018","2020-09-16 14:40:46","2020-09-25 18:53:44","","","48","","","","","","Superwomen in STEM","","","","Gareth Stevens Publishing","New York, NY","English","","","","","WorldCat Discovery Service","","Section: 48 pages : color illustrations, portraits (some color) ; 25 cm","","","","Juvenile works.; Literature.; Women in science Juvenile literature.; Women in science.; Women physicists Juvenile literature.; Women physicists.; Women scientists Juvenile literature.; Women scientists.","","","","","","","","","","","","","","","","","","","","","","","","","","","","","","","","","","","","","","","","","","","","","","",""
"8E5UWMKF","book","2014","","Women in industrial research","","978-3-515-10670-2","","","","","2014","2020-09-16 14:40:46","2020-09-25 18:51:14","","","xv, 258","","","","","","Wissenschaftskultur um 1900, 1613-673X ; Bd. 8","","","","Franz Steiner","Stuttgart","English","","","","","WorldCat Discovery Service","","Section: xv, 258 pages : illustrations, portraits ; 25 cm.","","","","Akademiker; Chemical industry History.; Chemical industry.; Cosmetics industry History.; Cosmetics industry.; Electrical engineering History.; Electrical engineering.; Frauen; Germany.; Geschichte; History.; Industrieforschung; Nuclear industry History.; Nuclear industry.; Optics History.; Optics.; Research, Industrial History.; Research, Industrial.; Wissenschaft; Wissenschaftler; Wissenschaftlerin; Women History.; Women in science History.; Women in science.; Women.","","","","","","","","","","","","","","","","","","","","","","","","","","","","","","","","","","","","","","","","","","","","","","",""
"I66275ZS","book","2009","Sheppard, S.; Macatangay, Kelly; Colby, Anne; Sullivan, William M.; Shulman, Lee S.; Carnegie Foundation for the Advancement of Teaching.","Educating engineers: designing for the future of the field","","978-0-7879-7743-6","","","http://catdir.loc.gov/catdir/toc/fy0903/2008039906.html","","2009","2020-09-16 14:40:46","2020-09-25 18:52:18","2020-09-16 14:40:45","","xxiv, 242","","","","","Educating engineers","The preparation for professions series","","","","Jossey-Bass","San Francisco, CA","English","","","","","WorldCat Discovery Service","","Section: xxiv, 242 pages : illustrations ; 24 cm.","","","","Ausbildung; Engineering Study and teaching; Engineering Study and teaching.; Ingénierie.; Ingénieurs Orientation professionnelle.; Ingenieurwissenschaften; Lehre","","","","","","","","","","","","","","","","","","","","","First edition.","","","","","","","","","","","","","","","","","","","","","","","","","",""
"DSSH5VEL","book","2000","Bart, Jody","Women succeeding in the sciences: theories and practices across disciplines","","978-1-55753-121-6 978-1-55753-122-3","","","http://ets.umdl.umich.edu/cgi/t/text/text-idx?c=epv2;cc=epv2;view=toc;idno=BAY2442.0001.001","","2000","2020-09-16 14:40:46","2020-09-25 18:54:01","2020-09-16 14:40:46","","x, 277","","","","","Women succeeding in the sciences","","","","","Purdue University Press","West Lafayette, Ind.","English","","","","","WorldCat Discovery Service","","Section: x, 277 pages ; 24 cm","","","","Aufsatzsammlung; Geschichte; Lehrveranstaltung; Naturwissenschaftlerin; Naturwissenschaftliches Studium; Science education.; Science Study and teaching.; Women Education.; Women in science.; Women.","","","","","","","","","","","","","","","","","","","","","","","","","","","","","","","","","","","","","","","","","","","","","","",""
"Y7Z29LL6","book","2011","Parkinson, Claire L.; Millar, Pamela S.; Thaller, Michelle.; Goddard Space Flight Center.; Maryland Women's Heritage Center.","Women of Goddard: careers in science, technology, engineering & mathematics","","","","","","","2011","2020-09-16 14:40:46","2020-09-25 18:52:45","","","112","","","","","Women of Goddard","","","","","NASA Goddard Space Flight Center","Greenbelt, Md.","English","","","","","WorldCat Discovery Service","","Section: 112 pages : color illustrations ; 28 cm","","","","Employees.; Goddard Space Flight Center Officials and employees.; Goddard Space Flight Center.; Government publications United States.; Maryland Greenbelt.; Women in astronautics Maryland Greenbelt.; Women in astronautics.","","","","","","","","","","","","","","","","","","","","","","","","","","","","","","","","","","","","","","","","","","","","","","",""
"2UVA2H4H","book","2009","Wyer, Mary.","Women, science, and technology: a reader in feminist science studies","","978-0-415-96039-7 978-0-415-96040-3 978-0-203-89565-8","","","http://catdir.loc.gov/catdir/toc/ecip085/2007048799.html","","2009","2020-09-16 14:40:46","2020-09-25 18:51:57","2020-09-16 14:40:46","","xiv, 393","","","","","Women, science, and technology","MyiLibrary.","","","","Routledge","New York","English","","","","","WorldCat Discovery Service","","Section: xiv, 393 pages : illustrations ; 26 cm","","","","Feminism and science.; Feministisk teori.; Genusforskning.; Kvinnor och teknik.; Naturvetenskap.; Technologie.; Vrouwenstudies.; Wetenschapsbeoefening.; Women in science.; Women in technology.","","","","","","","","","","","","","","","","","","","","","2nd ed.","","","","","","","","","","","","","","","","","","","","","","","","","",""
"E89UKPI7","book","2000","United Nations. Economic Commission for Europe. Statistical Division.; U.S. Census Bureau.","Women and men in Europe and North America, 2000","","978-92-1-116747-4","","","","","2000","2020-09-16 14:40:58","2020-09-25 18:47:15","","","xx, 252","","","","","","","","","","United Nations","New York","English","","","","","WorldCat Discovery Service","","Section: xx, 252 pages : illustrations, maps ; 30 cm","","","","Amérique du Nord Différences entre sexes Statistiques.; DISTRIBUCION POR SEXO (DEMOGRAFIA) AMERICA DEL NORTE ESTADISTICAS.; DISTRIBUCION POR SEXO (DEMOGRAFIA) EUROPA ESTADISTICAS.; Europe Différences entre sexes Statistiques.; Europe.; Femmes Amérique du Nord Statistiques.; Femmes Europe Statistiques.; Hommes Amérique du Nord Statistiques.; Hommes Europe Statistiques.; Indicateurs sociaux.; Leefsituatie.; Mannen.; North America.; Population Statistiques.; Répartition par sexe (démographie); Répartition par sexe (démographie) Amérique du Nord Statistiques.; Sex distribution (Demography); Sex distribution (Demography) Europe Statistics.; Sex distribution (Demography) North America Statistics.; Statistics.; Vrouwen.","","","","","","","","","","","","","","","","","","","","","[2nd ed.].","","","","","","","","","","","","","","","","","","","","","","","","","",""
"LP9LJEY7","book","2017","Lewis, Anna M.","Women of steel and stone: 22 inspirational architects, engineers, and landscape designers.","","978-1-61373-667-8","","","","","2017","2020-09-16 14:40:58","2020-09-25 18:49:37","","","264","","","","","Women of steel and stone","","","","","Chicago Review","[Place of publication not identified]","English","","","","","WorldCat Discovery Service","","Section: 264 p. 22 cm.","","","","Architects.; Architektin.; Biographies.; Biography.; Engineers.; Ingenieurin.; Ingenjörer.; JUVENILE NONFICTION Architecture.; JUVENILE NONFICTION Biography & Autobiography Science & Technology.; JUVENILE NONFICTION Biography & Autobiography Women.; JUVENILE NONFICTION Girls & Women.; Juvenile works.; Kvinnliga arkitekter.; Kvinnor.; Landscape architects.; Landschaftsarchitektin.; Landskapsarkitekter.; Studie- och yrkesorientering.; Vocational guidance.; Women architects Biography Juvenile literature.; Women architects Biography.; Women architects.; Women Biography.; Women engineers Biography Juvenile literature.; Women engineers Biography.; Women engineers.; Women landscape architects Biography Juvenile literature.; Women landscape architects Biography.; Women landscape architects.; Women Vocational guidance Juvenile literature.; Women Vocational guidance.","","","","","","","","","","","","","","","","","","","","","","","","","","","","","","","","","","","","","","","","","","","","","","",""
"L8HQCXGA","book","2017","Mulley, Clare","The women who flew for Hitler: a true story of soaring ambition and searing rivalry","","978-1-250-06367-0 978-1-250-18390-3","","","","","2017","2020-09-16 14:40:58","2020-09-25 18:48:58","","","xxiii, 470","","","","","The women who flew for Hitler","","","","","St. Martin's Press","New York","English","","","","","WorldCat Discovery Service","","Section: xxiii, 470 pages, 16 unnumbered pages of plates : illustrations, maps ; 25 cm","","","","1939-1945; Aeronautical engineers Germany Biography.; Aeronautical engineers.; Air pilots, Military Germany Biography.; Air pilots, Military.; Biographies.; BIOGRAPHY & AUTOBIOGRAPHY Historical.; BIOGRAPHY & AUTOBIOGRAPHY Military.; BIOGRAPHY & AUTOBIOGRAPHY Women.; Germany.; HISTORY Military World War II.; Iron Cross Biography.; Iron Cross.; Military operations, Aerial German.; Reitsch, Hanna.; Stauffenberg, Melitta, Gräfin, 1903-1945.; Women air pilots Germany Biography.; Women air pilots.; Women.; World War, 1939-1945 Aerial operations, German.; World War, 1939-1945 Women Germany.","","","","","","","","","","","","","","","","","","","","","First U.S. edition.","","","","","","","","","","","","","","","","","","","","","","","","","",""
"6YPJNB36","book","2017","Cavallaro, Umberto","Women spacefarers: sixty different paths to space","","978-3-319-34047-0","","","","","2017","2020-09-16 14:40:58","2020-09-25 18:50:47","","","xxxi, 403","","","","","Women spacefarers","Springer-Praxis books in space exploration","","","","Springer ;","Switzerland","English","","","","","WorldCat Discovery Service","","Section: xxxi, 403 pages : color illustrations ; 25 cm.","","","","Biographies.; SOCIAL SCIENCE Women's Studies.; Women astronauts Biography.; Women astronauts.","","","","","","","","","","","","","","","","","","","","","","","","","","","","","","","","","","","","","","","","","","","","","","",""
"9Z3KS853","book","2006","Organisation for Economic Co-operation and Development.","Women in scientific careers: unleashing the potential.","","978-92-64-02537-0","","","https://doi.org/10.1787/9789264025387-en","","2006","2020-09-16 14:40:58","2020-09-25 18:48:18","2020-09-16 14:40:56","","228","","","","","Women in scientific careers","","","","","Organisation for Economic Co-operation and Development","[Paris, France]","English","","","","","WorldCat Discovery Service","","Section: 228 pages : illustrations ; 28 cm","","","","Femmes scientifiques Pays de l'OCDE.; Femmes Travail Pays de l'OCDE.; Forskning genusaspekter.; Karriär.; Kvinnliga forskare OECD-länderna.; Kvinnor arbete och arbetsmarknad OECD-länderna.; OECD countries.; Women Employment OECD countries.; Women Employment.; Women scientists OECD countries.; Women scientists.","","","","","","","","","","","","","","","","","","","","","","","","","","","","","","","","","","","","","","","","","","","","","","",""
"MGP8LXV6","book","2017","Mundy, Liza","Code girls: the untold story of the American women code breakers of World War II","","978-0-316-35253-6 978-0-316-43989-3 978-0-316-35255-0 978-1-4789-2271-1 978-1-4789-2270-4","","","http://books.google.com/books?vid=isbn9780316352536","","2017","2020-09-16 14:40:58","2020-09-25 18:48:37","2020-09-16 14:40:57","","xiv, 416","","","","","Code girls","","","","","Hachette Books","New York","English","","","","","WorldCat Discovery Service","","Section: xiv, 416 pages, 8 unnumbered pages of plates : illustrations ; 24 cm","","","","1900-1999; Cryptographers United States History 20th century.; Cryptographers.; Cryptography United States History 20th century.; Cryptography.; HISTORY Military World War II.; HISTORY United States 20th Century.; HISTORY Women.; History.; Military participation Female.; POLITICAL SCIENCE Intelligence & Espionage.; TECHNOLOGY & ENGINEERING Military Science.; United States.; World War, 1939-1945; World War, 1939-1945 Cryptography; World War, 1939-1945 Cryptography.; World War, 1939-1945 Participation, Female; World War, 1939-1945 Participation, Female.","","","","","","","","","","","","","","","","","","","","","First edition.","","","","","","","","","","","","","","","","","","","","","","","","","",""
"DM2APRJ7","book","2013","Kiernan, Denise","The girls of Atomic City: the untold story of the women who helped win World War II","","978-1-4516-1752-8 978-1-4516-1753-5 978-1-4516-1754-2","","","","","2013","2020-09-16 14:40:58","2020-09-25 18:49:57","","","xvii, 373","","","","","The girls of Atomic City","","","","","Simon & Schuster","New York, NY","English","","","","","WorldCat Discovery Service","","Section: xvii, 373 pages, 16 unnumbered pages of plates : illustrations, map, portraits ; 24 cm","","","","1900-1999; Atomic bomb History.; Biographies.; Historical.; History.; Interviews.; Manners and customs.; NonFiction.; Oak Ridge (Tenn.); Oak Ridge (Tenn.) Biography.; Oak Ridge (Tenn.) History 20th century.; Oak Ridge (Tenn.) Social life and customs 20th century.; Oak Ridge National Laboratory History 20th century.; Oak Ridge National Laboratory.; Official secrets United States History 20th century.; Official secrets.; Sociological.; Tennessee Oak Ridge.; United States.; Uranium enrichment History 20th century.; Uranium enrichment.; Uranium.; Women employees Tennessee Oak Ridge History 20th century.; Women employees.; Women Employment United States History.; Women Tennessee Oak Ridge Interviews.; Women.; World War, 1939-1945 History.; World War, 1939-1945 Tennessee Oak Ridge.; World War, 1939-1945 Women Tennessee Oak Ridge.","","","","","","","","","","","","","","","","","","","","","First Touchstone hardcover edition.","","","","","","","","","","","","","","","","","","","","","","","","","",""
"CPU52ZAT","book","2016","Tassie, Keisha Edwards; Givens, Sonja M. Brown","Women of color navigating mentoring relationships: critical examinations","","978-1-4985-4106-0","","","","","2016","2020-09-16 14:40:58","2020-09-25 18:47:33","","","x, 190","","","","","Women of color navigating mentoring relationships","","","","","Lexington Books","Lanham","English","","","","","WorldCat Discovery Service","","Section: x, 190 pages ; 24 cm","","","","Mentoring; Mentoring.; Minority women.","","","","","","","","","","","","","","","","","","","","","","","","","","","","","","","","","","","","","","","","","","","","","","",""
"ASQEMQF4","book","2016","Holt, Nathalia","Rise of the rocket girls: the women who propelled us, from missiles to the moon to Mars","","978-0-316-33892-9 978-0-316-33890-5","","","https://www.loc.gov/catdir/enhancements/fy1614/2015954384-b.html","","2016","2020-09-16 14:40:58","2020-09-25 18:50:21","2020-09-16 14:40:58","","xiii, 338","","","","","Rise of the rocket girls","","","","","Little, Brown and Company","New York","English","","","","","WorldCat Discovery Service","","Section: xiii, 338 pages, 16 unnumbered pages of plates : illustrations (some color) ; 25 cm","","","","1900-1999; 1900-1999.; Astronautics United States History 20th century.; Astronautics United States History.; Astronautics.; Biographies.; Frauenberuf; Geschichte; HISTORIES.; History.; Informatik; Jet Propulsion Laboratory (U.S.); Jet Propulsion Laboratory (U.S.) Biography.; Jet Propulsion Laboratory (U.S.) History.; Mathematical Computing.; MATHEMATICS.; Mathematik; Rocketry United States History 20th century.; Rocketry United States History.; Rocketry.; ROCKETS.; Space Flight history.; United States.; Women computer programmers United States Biography.; Women computer programmers United States History.; Women computer programmers.; Women history.; Women in computer science United States Biography.; Women in computer science.; Women mathematicians Biography.; Women mathematicians History.; Women mathematicians United States Biography.; Women mathematicians United States History.; Women mathematicians.","","","","","","","","","","","","","","","","","","","","","First edition.","","","","","","","","","","","","","","","","","","","","","","","","","",""
"DMEVRX9F","book","2014","Society of Women Engineers.","Be that engineer: inspiration and insight from accomplished women engineers.","","978-0-692-23890-5","","","","","2014","2020-09-16 14:40:58","2020-09-25 18:47:51","","","149","","","","","Be that engineer","","","","","Society of Women Engineers","Chicago, IL","English","","","","","WorldCat Discovery Service","","Section: 149 pages ; 21 cm","","","","Women engineers.; Women in engineering.; Women inventors.","","","","","","","","","","","","","","","","","","","","","First edition.","","","","","","","","","","","","","","","","","","","","","","","","","",""
"498LE7EM","book","2007","Burke, Ronald J.; Mattis, Mary C.","Women and minorities in science, technology, engineering, and mathematics: upping the numbers","","978-1-84542-888-4 978-1-84720-687-9","","","http://catdir.loc.gov/catdir/toc/ecip0716/2007016049.html","","2007","2020-09-16 14:41:11","2020-09-25 18:46:27","2020-09-16 14:41:09","","xvii, 379","","","","","Women and minorities in science, technology, engineering, and mathematics","","","","","Edward Elgar","Cheltenham, UK ;","English","","","","","WorldCat Discovery Service","","Section: xvii, 379 pages : illustrations ; 24 cm","","","","Arbeitswelt; Berufsausbildung; Employment.; Engineering.; Frau; Frau.; Gleichberechtigung; Mathematics.; Mathematik; Minderheit; Minorities in engineering.; Minorities in mathematics.; Minorities in science.; Minorities in technology.; Minority Groups.; Naturwissenschaften; Science.; Technik; Technology.; Women in engineering.; Women in mathematics.; Women in science.; Women in technology.; Women.; Workforce.","","","","","","","","","","","","","","","","","","","","","","","","","","","","","","","","","","","","","","","","","","","","","","",""
"H5YH3XFU","book","2005","Xie, Yu; Shauman, Kimberlee A.","Women in science: career processes and outcomes","","978-0-674-01859-4","","","","","2005","2020-09-16 14:41:11","2020-09-25 18:43:38","","","xvii, 318","","","","","Women in science","","","","","Harvard University Press","Cambridge, Mass.","English","","","","","WorldCat Discovery Service","","Section: xvii, 318 pages : illustrations ; 24 cm","","","","Women in science.; Women scientists.","","","","","","","","","","","","","","","","","","","","","1st Harvard University Press paperback ed.","","","","","","","","","","","","","","","","","","","","","","","","","",""
"T8PPEHR9","book","2020","O'Bannon, Deborah Jean","Women in water quality: investigations by prominent female engineers","","978-3-030-17818-5 978-3-030-17819-2","","","","","2020","2020-09-16 14:41:11","2020-09-25 18:44:31","","","xii, 209","","","","","Women in water quality","Women in engineering and science, 2509-6427","","","","Springer Nature AG","[Cham, Switzerland]","English","","","","","WorldCat Discovery Service","","Section: xii, 209 pages : illustrations (some color) ; 25 cm.","","","","Water quality.; Women in technology.","","","","","","","","","","","","","","","","","","","","","","","","","","","","","","","","","","","","","","","","","","","","","","",""
"26MVEBP6","book","2009","Layne, Margaret.","Women in engineering. Professional life","","978-0-7844-0991-6","","","","","2009","2020-09-16 14:41:11","2020-09-25 18:45:22","","","xi, 257","","","","","","","","","","ASCE Press","Reston, Va.","English","","","","","WorldCat Discovery Service","","Section: xi, 257 pages : illustrations ; 23 cm","","","","Women engineers Professional relationships.; Women in engineering.","","","","","","","","","","","","","","","","","","","","","","","","","","","","","","","","","","","","","","","","","","","","","","",""
"SURT43U2","book","2017","Ballenger, Julia; Polnick, Barbara; Irby, Beverly J.","Women of color in STEM: navigating the workforce","","978-1-68123-706-0 978-1-68123-707-7","","","","","2017","2020-09-16 14:41:11","2020-09-25 18:46:48","","","xvii, 208","","","","","Women of color in STEM","Research on women and education","","","","Information Age Publishing, Inc.","Charlotte, NC","English","","","","","WorldCat Discovery Service","","Section: xvii, 208 pages : illustrations ; 24 cm.","","","","African American women in the professions.; Professions Women.; Women in science.; Women scientists.","","","","","","","","","","","","","","","","","","","","","","","","","","","","","","","","","","","","","","","","","","","","","","",""
"UEP2JAWQ","book","2008","Phipps, Alison.","Women in science, engineering and technology: three decades of UK initiatives","","978-1-85856-402-9","","","","","2008","2020-09-16 14:41:11","2020-09-25 18:44:10","","","v, 183","","","","","Women in science, engineering and technology","","","","","Trentham Books","Stoke-on-Trent","English","","","","","WorldCat Discovery Service","","Section: v, 183 pages ; 24 cm","","","http://bvbr.bib-bvb.de:8991/F?func=service&doc_library=BVB01&doc_number=016460061&line_number=0001&func_code=DB_RECORDS&service_type=MEDIA","Beruf; Frau.; Great Britain.; Industrial arts Vocational guidance Government policy Great Britain.; Kvinnopolitik Storbritannien.; Kvinnor och teknik.; Naturvetenskap.; Utbildningsval genusaspekter.; Women in science Government policy Great Britain.; Women in science Government policy.; Women Vocational guidance Government policy Great Britain.; Yrkesval Storbritannien.","","","","","","","","","","","","","","","","","","","","","","","","","","","","","","","","","","","","","","","","","","","","","","",""
"MYF3MUMD","book","2016","Van Vlack, Tarah Wheeler","Women in tech: take your career to the next level with practical advice and inspiring stories","","978-1-63217-066-8 978-1-63217-140-5","","","","","2016","2020-09-16 14:41:11","2020-09-25 18:43:54","","","xvii, 247","","","","","Women in tech","","","","","Sasquatch Books","Seattle","English","","","","","WorldCat Discovery Service","","Section: xvii, 247 pages ; 23 cm","","","","Career development.; Women in technology.; Women Vocational guidance.","","","","","","","","","","","","","","","","","","","","","","","","","","","","","","","","","","","","","","","","","","","","","","",""
"Q8PDEKMW","book","2018","Carlson, Ashley Lynn","Women in STEM on television: critical essays","","978-1-4766-6941-0","","","","","2018","2020-09-16 14:41:11","2020-09-25 18:46:02","","","ix, 210","","","","","Women in STEM on television","","","","","McFarland & Company, Inc., Publishers","Jefferson, North Carolina","English","","","","","WorldCat Discovery Service","","Section: ix, 210 pages ; 23 cm","","","","Criticism, interpretation, etc.; Engineering on television.; Mathematics on television.; Science on television.; Technology on television.; Television programs United States History and criticism.; Television programs.; United States.; Women in science on television.; Women on television.","","","","","","","","","","","","","","","","","","","","","","","","","","","","","","","","","","","","","","","","","","","","","","",""
"Q7A3AD47","book","2017","Zippel, Kathrin S.","Women in global science: advancing academic careers through international collaboration","","978-1-5036-0039-3 978-1-5036-0149-9","","","","","2017","2020-09-16 14:41:11","2020-09-25 18:43:10","","","xii, 206","","","","","Women in global science","","","","","Stanford University Press","Stanford, California","English","","","","","WorldCat Discovery Service","","Section: xii, 206 pages : illustrations ; 24 cm","","","","02.11 sociology of science.; Career development United States.; Career development.; Frau; Internationale Kooperation; Science International cooperation.; United States.; Wissenschaft; Women in science United States.; Women in science.; Women scientists United States.; Women scientists.","","","","","","","","","","","","","","","","","","","","","","","","","","","","","","","","","","","","","","","","","","","","","","",""
"M4JTF4D8","book","2006","Hatch, Sybil E.","Changing our world: true stories of women engineers","","978-0-7844-0841-4 978-0-7844-0835-3","","","http://catdir.loc.gov/catdir/toc/ecip063/2005033884.html","","2006","2020-09-16 14:41:11","2020-09-25 18:45:43","2020-09-16 14:41:11","","ix, 221","","","","","Changing our world","","","","","American Society of Civil Engineers","Reston, Va.","English","","","","","WorldCat Discovery Service","","Section: ix, 221 pages : illustrations (some color) ; 25 x 28 cm","","","","Women engineers.","","","","","","","","","","","","","","","","","","","","","","","","","","","","","","","","","","","","","","","","","","","","","","",""
"BTHQ8MHD","book","2004","Thorne, Magdalena E.","Women in society: achievements, risk, and challenges","","978-1-59033-942-8","","","http://catdir.loc.gov/catdir/toc/ecip0422/2004019964.html","","2004","2020-09-16 14:41:42","2020-09-25 18:39:29","2020-09-16 14:41:40","","220","","","","","Women in society","","","","","Nova Science Publishers","New York","English","","","","","WorldCat Discovery Service","","Section: 220 pages : illustrations ; 26 cm","","","","2000-2099; Berufstätigkeit.; Frau.; Politik.; Soziale Situation.; Women Health and hygiene.; Women in higher education.; Women in the professions.; Women Political activity.; Women Social conditions 21st century.; Women Social conditions.; Women's rights.","","","","","","","","","","","","","","","","","","","","","","","","","","","","","","","","","","","","","","","","","","","","","","",""
"KEJBCK2H","book","2006","O'Beirne, Kate.","Women who make the world worse: and how their radical feminist assault is ruining our families, military, schools, and sports","","978-1-59523-009-6","","","http://catdir.loc.gov/catdir/enhancements/fy0721/2005051715-b.html","","2006","2020-09-16 14:41:42","2020-09-25 18:39:49","2020-09-16 14:41:41","","xxiii, 230","","","","","Women who make the world worse","","","","","Sentinel","New York","English","","","","","WorldCat Discovery Service","","Section: xxiii, 230 pages ; 24 cm","","","","Feminism United States History.; Feminism.; History.; United States.; Women United States History.; Women.; Women's rights United States History.; Women's rights.","","","","","","","","","","","","","","","","","","","","","","","","","","","","","","","","","","","","","","","","","","","","","","",""
"YYJWX2F9","book","2003","Haven, Kendall F.","Women at the edge of discovery: 40 true science adventures","","978-1-59158-015-7","","","","","2003","2020-09-16 14:41:42","2020-09-25 18:42:14","","","xx, 273","","","","","Women at the edge of discovery","","","","","Libraries Unlimited","Westport, Conn.","English","","","","","WorldCat Discovery Service","","Section: xx, 273 pages ; 24 cm","","","","1900-1999; Biographies.; History.; Science History 20th century.; Science.; Vrouwen.; Wetenschapsbeoefenaars.; Women scientists Biography.; Women scientists.","","","","","","","","","","","","","","","","","","","","","","","","","","","","","","","","","","","","","","","","","","","","","","",""
"URFZ3ZEM","book","2003","Woodmansee, Laura S.","Women of space: cool careers on the final frontier","","978-1-894959-03-2","","","http://catdir.loc.gov/catdir/toc/fy0801/2007532139.html","","2003","2020-09-16 14:41:42","2020-09-25 18:38:10","2020-09-16 14:41:41","","198","","","","","Women of space","Apogee Books space series, 1496-6921 ; no. 38","","","","Apogee Books","Burlington, Ont","English","","","","","WorldCat Discovery Service","","Section: 198 pages, 8 unnumbered pages of plates : illustrations (some color), portraits ; 26 cm + 1 CD-ROM","","","","Apogee Books space series ;no. 38.1496-6921; Apogee Books space series,no. 381496-6921 ;; NASA mission reports.; The NASA mission reports","","","","","","","","","","","","","","","","","","","","","","","","","","","","","","","","","","","","","","","","","","","","","","",""
"3CTBIG6P","book","2017","Chengadu, Shireen; Scheepers, Caren B.","Women leadership in emerging markets: featuring 46 women leaders","","978-1-138-18895-2 978-1-138-18896-9","","","","","2017","2020-09-16 14:41:42","2020-09-25 18:42:49","","","xxxviii, 312","","","","","Women leadership in emerging markets","","","","","Routledge","New York, NY","English","","","","","WorldCat Discovery Service","","Section: xxxviii, 312 pages ; 23 cm","","","","Developing countries.; Frau; Führungskraft; Leadership in women Developing countries.; Leadership in women.; Schwellenländer","","","","","","","","","","","","","","","","","","","","","","","","","","","","","","","","","","","","","","","","","","","","","","",""
"QBGAJUIN","book","2018","Hahn, Laura D.; Wolters, Angela S.","Women and ideas in engineering: twelve stories from Illinois","","978-0-252-04196-9","","","","","2018","2020-09-16 14:41:42","2020-09-25 18:42:31","","","xiv, 195","","","","","Women and ideas in engineering","","","","","University of Illinois Press","Urbana","English","","","","","WorldCat Discovery Service","","Section: xiv, 195 pages : illustrations (chiefly color) ; 24 cm","","","","Biographies.; Engineering Illinois History.; Engineering.; Engineers United States Biography.; Engineers.; History.; Illinois Biography.; Illinois.; United States.; Women engineers United States Biography.; Women engineers.","","","","","","","","","","","","","","","","","","","","","","","","","","","","","","","","","","","","","","","","","","","","","","",""
"2TGJDL8Z","book","2008","Wubben, John.; Wubben, Patience.","Women of the sea","","978-0-615-18293-3","","","","","2008","2020-09-16 14:41:42","2020-09-25 18:37:51","","","i, 88","","","","","","","","","","[John and Patsy Wubben]","[Oregon]","English","","","","","WorldCat Discovery Service","","Section: i, 88 pages : illustrations (some color) ; 29 cm","","","","Biographies.; Pacific Northwest.; Seafaring life.; Women and the sea.; Women in fisheries Northwest, Pacific Biography.; Women in fisheries.; Women marine engineers Northwest, Pacific Biography.; Women marine engineers.; Women marine scientists Northwest, Pacific Biography.; Women marine scientists.; Women merchant mariners Northwest, Pacific Biography.; Women merchant mariners.; Women ship captains Northwest, Pacific Biography.; Women ship captains.","","","","","","","","","","","","","","","","","","","","","1st ed.","","","","","","","","","","","","","","","","","","","","","","","","","",""
"9FBJ63SX","book","2013","Women Entrepreneurship : Emerging Issues, Challenges & Strategies (National Seminar) (2011 : Chadalawada Ramanamama Engineering College); Singh, Awadhesh Kumar.; Suguna, K.; Venkatamuni Reddy, R.","Women entrepreneurship: emerging issues, challenges & strategies","","978-81-8387-562-2","","","","","2013","2020-09-16 14:41:42","2020-09-25 18:39:09","","","xxi, 792","","","","","Women entrepreneurship","","","","","Serials Publications","New Delhi","English","","","","","WorldCat Discovery Service","","Section: 2 volumes (xxi, 792 pages) : illustrations ; 23 cm","","","","Conference papers and proceedings.; Entrepreneurship India Congresses.; Entrepreneurship.; India.; Self-help groups India Congresses.; Self-help groups.; Women in economic development Government policy India Congresses.; Women in economic development India Congresses.; Women in economic development.","","","","","","","","","","","","","","","","","","","","","","","","","","","","","","","","","","","","","","","","","","","","","","",""
"KNMYRZP7","book","2005","Women in Science & Engineering (Organization)","Role models: the living proof : profiles of successful women engineers and scientists","","","","","","","2005","2020-09-16 14:41:42","2020-09-25 18:38:44","","","","","","","","Role models","","","","","WISE Campaign","London","English","","","","","WorldCat Discovery Service","","","","","","NONE FOUND","","","","","","","","","","","","","","","","","","","","","","","","","","","","","","","","","","","","","","","","","","","","","","",""
"B6UGES83","book","2019","Lykknes, Annette; Van Tiggelen, Brigitte","Women in their element: selected women's contributions to the periodic system","","9789811206283 9789811207686","","","","","2019","2020-09-16 14:41:42","2020-09-25 18:41:54","","","xxiv, 531","","","","","Women in their element","","","","","World Scientific","New Jersey","English","","","","","WorldCat Discovery Service","","Section: xxiv, 531 pages : illustrations (some color) ; 24 cm","","","","Biographies.; Chemikerin; Chemistry History.; Chemistry.; History.; Periodensystem; Periodic table of the elements.; Women chemists Biography.; Women chemists.","","","","","","","","","","","","","","","","","","","","","","","","","","","","","","","","","","","","","","","","","","","","","","",""
"JHHFU2AJ","book","2019","Taylor, Diane C.; Shululu","Engineers","","978-1-61930-782-7","","","","","2019","2020-09-16 14:41:56","2020-09-25 18:26:08","","","107","","","","","","Gutsy girls go for science","","","","Nomad Press","Junction, VT","English","","","","","WorldCat Discovery Service","","Section: 107 pages : color illustrations ; 24 cm.","","","","Biographies.; Engineering.; Engineers Juvenile literature.; Engineers.; Gilbreth, Lillian Moller, 1878-1972 Juvenile literature.; Gleason, Catherine Juvenile literature.; History.; Jackson, Mary, 1921-2005 Juvenile literature.; Juvenile works.; Richards, Ellen H. 1842-1911 Juvenile literature.; Roebling, Emily Warren, 1843-1903 Juvenile literature.; Science Experiments.; Women Biography.; Women engineers Biography Juvenile literature.; Women engineers.; Women.","","","","","","","","","","","","","","","","","","","","","","","","","","","","","","","","","","","","","","","","","","","","","","",""
"CXSTU3ZM","book","2010","Cater-Steel, Aileen; Cater, Emily","Women in engineering, science and technology: education and career challenges","","978-1-61520-657-5 978-1-61520-658-2","","","","","2010","2020-09-16 14:41:56","2020-09-25 18:35:15","","","xxv, 358","","","","","Women in engineering, science and technology","","","","","Engineering Science Reference","Hershey, PA","English","","","","","WorldCat Discovery Service","","Section: xxv, 358 pages : illustrations ; 29 cm","","","","Women Employment.; Women in the professions.; Women scientists.","","","","","","","","","","","","","","","","","","","","","","","","","","","","","","","","","","","","","","","","","","","","","","",""
"XHMXUCGE","book","2000","Oldenziel, Ruth.; Zachmann, Karin.; Canel, Annie.","Crossing boundaries, building bridges: comparing the history of women engineers, 1870s-1990s","","978-90-5823-069-0 978-90-5823-068-3","","","","","2000","2020-09-16 14:41:56","2020-09-25 18:26:37","","","xix, 290","","","","","Crossing boundaries, building bridges","Studies in the history of science, technology and medicine ; no. 12","","","","Harwood Academic","Amsterdam","English","","","","","WorldCat Discovery Service","","Section: xix, 290 pages : illustrations ; 25 cm.","","","","1800-1999; History.; Ingenieurs.; Vrouwen.; Women engineers Social conditions History.; Women in engineering History 19th century.; Women in engineering History 20th century.; Women in engineering.","","","","","","","","","","","","","","","","","","","","","","","","","","","","","","","","","","","","","","","","","","","","","","",""
"Q4K3TSBF","book","2016","Aspray, William","Women and underrepresented minorities in computing: a historical and social study","","978-3-319-24809-7","","","","","2016","2020-09-16 14:41:56","2020-09-25 18:36:52","","","xi, 271","","","","","Women and underrepresented minorities in computing","History of computing, 2190-6831","","","","Springer","Switzerland","English","","","","","WorldCat Discovery Service","","Section: xi, 271 pages : illustration ; 25 cm","","","","Minorities in science.; Women in computer science.","","","","","","","","","","","","","","","","","","","","","","","","","","","","","","","","","","","","","","","","","","","","","","",""
"2ISEI69C","book","2011","Andréolle, Donna Spalding; Molinari, Véronique","Women and science, 17th century to present: pioneers, activists and protagonists","","978-1-4438-2918-2","","","","","2011","2020-09-16 14:41:56","2020-09-25 18:37:11","","","xxv, 272","","","","","Women and science, 17th century to present","","","","","Cambridge Scholars","Newcastle upon Tyne, UK","English","","","","","WorldCat Discovery Service","","Section: xxv, 272 pages, 12 unnumbered pages of plates : color illustrations ; 21 cm","","","","Femmes dans les sciences Histoire.; History.; Scientific literature History.; Scientific literature.; Women in science History.; Women in science.","","","","","","","","","","","","","","","","","","","","","","","","","","","","","","","","","","","","","","","","","","","","","","",""
"VTJAC8GX","book","2016","Gagne, Tammy.","Women in engineering","","978-1-68078-267-7","","","","","2016","2020-09-16 14:41:56","2020-09-25 18:34:54","","","48","","","","","","Women in STEM.","","","","Abdo Pub.","Minneapolis, MN","English","","","","","WorldCat Discovery Service","","Section: 48 pages : illustrations (chiefly color) ; 24 cm.","","","","Engineering Vocational guidance.; Juvenile works.; Literature.; Technology Vocational guidance.; Vocational guidance.; Women engineers.; Women in engineering Juvenile literature.; Women in engineering.","","","","","","","","","","","","","","","","","","","","","","","","","","","","","","","","","","","","","","","","","","","","","","",""
"ZRFQZ6IB","book","2017","Kahn, Shulamit Beth; Ginther, Donna K.; National Bureau of Economic Research","Women and STEM","","","","","","","2017","2020-09-16 14:41:56","2020-09-25 18:27:18","","","42","","","","","","NBER working paper series, 0898-2937 ; working paper 23525","","","","National Bureau of Economic Research","Cambridge, MA","English","","","","","WorldCat Discovery Service","","Section: 42 pages : illustrations (black and white) ; 22 cm","","","","NONE FOUND","","","","","","","","","","","","","","","","","","","","","","","","","","","","","","","","","","","","","","","","","","","","","","",""
"MY8JCLXS","book","2007","Yi, Kongjubok.; Ch&#335;n'guk Y&#335;s&#335;ng Kwahak Kisurin Chiw&#335;n Sent'&#335; (Korea)","Women in science & technology: why and how must they be supported?","","","","","","","2007","2020-09-16 14:41:56","2020-09-25 18:25:40","","","xx, 135","","","","","Women in science & technology","NIS-WIST strategic report","","","","NIS WIST Women in Science and Technology","Seoul, Korea","English","","","","","WorldCat Discovery Service","","Section: xx, 135 pages : illustrations ; 26 cm.","","","","Korea (South); Kvinnliga vetenskapsmän Sydkorea.; Kvinnor och teknik Sydkorea.; Women Employment Korea (South); Women Employment.; Women in engineering Korea (South); Women in engineering.; Women in science Korea (South); Women in science.","","","","","","","","","","","","","","","","","","","","","","","","","","","","","","","","","","","","","","","","","","","","","","",""
"FHXZBVZE","book","2014","Bilimoria, Diana; Lord, Linley","Women in STEM careers: international perspectives on increasing workforce participation, advancement and leadership","","978-1-78195-406-5","","","","","2014","2020-09-16 14:41:56","2020-09-25 18:36:05","","","xviii, 256","","","","","Women in STEM careers","","","","","Edward Elgar","Cheltenham, U.K. ;","English","","","","","WorldCat Discovery Service","","Section: xviii, 256 pages : illustrations, charts ; 24 cm","","","","Engineering.; Hochqualifizierte Arbeitskräfte; Personalführung; Science.; STEM.; Technology.; Weibliche Arbeitskräfte; Women in engineering.; Women in mathematics.; Women in science.; Women in technology.; Women, Working.","","","","","","","","","","","","","","","","","","","","","","","","","","","","","","","","","","","","","","","","","","","","","","",""
"HRPPX6KW","book","2017","Barrett, Anne (Archivist),","Women at Imperial College: past, present and future","","978-1-78634-262-1","","","","","2017","2020-09-16 14:41:56","2020-09-25 18:36:30","","","xviii, 465","","","","","Women at Imperial College","","","","","World Scientific","New Jersey","English","","","","","WorldCat Discovery Service","","Section: xviii, 465 pages : illustrations ; 24 cm","","","","Biographies.; Biography.; Engineering.; Great Britain.; History, 19th Century.; History, 20th Century.; History, 21st Century.; Imperial College London; Imperial College, London Biography.; Imperial College, London.; Research Personnel.; United Kingdom.; Universities history.; Wissenschaftlerin; Women engineers Great Britain Biography.; Women engineers.; Women in engineering Great Britain.; Women in engineering.; Women in science Great Britain.; Women in science.; Women scientists Great Britain Biography.; Women scientists.; Women.","","","","","","","","","","","","","","","","","","","","","","","","","","","","","","","","","","","","","","","","","","","","","","",""
"3BSQ9M9U","book","2012","Krishna, Sumi; De, Arpita","Women water professionals: inspiring stories from South Asia","","978-93-81017-19-7","","","","","2012","2020-09-16 14:42:27","2020-09-25 18:23:53","","","xv, 249","","","","","Women water professionals","","","","","Zubaan","New Delhi","English","","","","","WorldCat Discovery Service","","Section: xv, 249 pages : illustrations ; 23 cm","","","","Biographies.; South Asia.; Water Management.; Water South Asia Management.; Women professional employees South Asia Biography.; Women professional employees.","","","","","","","","","","","","","","","","","","","","","","","","","","","","","","","","","","","","","","","","","","","","","","",""
"4XFWMPYG","book","2000","National Research Council (U.S.). Chemical Sciences Roundtable.","Women in the chemical workforce: a workshop report to the Chemical Sciences Roundtable","","978-0-309-07293-9","","","http://www.nap.edu/catalog/10047.html","","2000","2020-09-16 14:42:27","2020-09-25 18:23:34","2020-09-16 14:42:26","","144","","","","","Women in the chemical workforce","The compass series","","","","National Academy Press","Washington, D.C.","English","","","","","WorldCat Discovery Service","","Section: 144 pages ; 28 cm.","","","","Chemistry.; Conference papers and proceedings.; Congress.; United States.; Women chemists United States Congresses.; Women chemists.; Women in chemistry United States Congresses.; Women in chemistry.; Women, Working.; Workforce.","","","","","","","","","","","","","","","","","","","","","","","","","","","","","","","","","","","","","","","","","","","","","","",""
"QN44G4ET","book","2001","","Women confronting the new technologies.","","","","","","","2001","2020-09-16 14:42:27","2020-09-25 18:21:46","","","249","","","","","","Women's studies quarterly, 0732-1562 ; v. 29, no. 3 & 4","","","","Feminist Press at the City University of New York","New York","English","","","","","WorldCat Discovery Service","","Section: 249 pages : illustrations ; 22 cm.","","","","Technology Social aspects.; Women in technology.; Women Social conditions.; Women's studies.","","","","","","","","","","","","","","","","","","","","","","","","","","","","","","","","","","","","","","","","","","","","","","",""
"AH9BCJX2","book","2014","Yant, Christie; Grabenstetter, Li","Women destroy science fiction! special issue","","978-1-4995-0834-5","","","http://coral.library.tamu.edu/resourcelink.php?resource=8331","","2014","2020-09-16 14:42:27","2020-09-25 18:22:09","2020-09-16 14:42:26","","479","","","","","","Lightspeed ; issue 49, June 2014","","","","Lightspeed Magazine","[United States?]","English","","","","","WorldCat Discovery Service","","Section: 479 pages : illustrations ; 23 cm","","","","Criticism, interpretation, etc.; Science fiction History and criticism.; Science fiction Women authors.; Science fiction.","","","","","","","","","","","","","","","","","","","","","","","","","","","","","","","","","","","","","","","","","","","","","","",""
"38B6EFXX","book","2010","Godfroy-Genin, Anne-Sophie.; PROMETEA (Project)","Women in engineering and technology research: the PROMETEA conference proceedings","","978-3-643-10457-1","","","","","2010","2020-09-16 14:42:27","2020-09-25 18:24:53","","","730","","","","","Women in engineering and technology research","Prometea ; v. 1","","","","Lit","Berlin","English","","","","","WorldCat Discovery Service","","Section: 730 pages : illustrations ; 22 cm.","","","","Conference papers and proceedings.; Frau; Frau Naturwissenschaften.; Frau.; Ingenieurwissenschaften; Ingenieurwissenschaften.; Naturwissenschaften Frau.; Paris <2007>; Technik; Women in engineering Congresses.; Women in engineering.; Women in technology Congresses.; Women in technology.","","","","","","","","","","","","","","","","","","","","","","","","","","","","","","","","","","","","","","","","","","","","","","",""
"YMRN2FZH","book","2003","Speedy, Sandra.","Women using action learning & action research: the South African context","","978-1-875855-59-9","","","","","2003","2020-09-16 14:42:27","2020-09-25 18:22:33","","","368","","","","","Women using action learning & action research","","","","","Southern Cross University Press","Lismore NSW, Australia","English","","","","","WorldCat Discovery Service","","Section: 368 pages : illustrations ; 25 cm","","","","Action research South Africa.; Action research.; Active learning South Africa.; Active learning.; Ausbildung.; Executives Training of.; Frau.; South Africa.; Südafrika <Staat>; Training on the job.; Women Education South Africa.; Women Education.","","","","","","","","","","","","","","","","","","","","","","","","","","","","","","","","","","","","","","","","","","","","","","",""
"BINW9CRY","book","2011","Society of Women Engineers.","Journal of the Society of Women Engineers: 60th anniversary edition : volume 5","","","","","http://nxtbook.com/nxtbooks/swe/60thanniversary","","2011","2020-09-16 14:42:27","2020-09-25 18:22:50","2020-09-16 14:42:27","","96","","","","","Journal of the Society of Women Engineers","","","","","Society of Women Engineers","Chicago, Ill.","English","","","","","WorldCat Discovery Service","","Section: 96 pages : illustrations ; 28 cm","","","","1900-2099; History.; Society of Women Engineers History 20th century.; Society of Women Engineers History 21st century.; Society of Women Engineers.; United States.; Women engineers United States History 20th century.; Women engineers United States History 21st century.; Women engineers.; Women in engineering United States History 20th century.; Women in engineering United States History 21st century.; Women in engineering.","","","","","","","","","","","","","","","","","","","","","","","","","","","","","","","","","","","","","","","","","","","","","","",""
"Y7YWLPMY","book","2013","Indovino, Shaina Carmel.","Women in engineering","","978-1-4222-2926-2","","","","","2013","2020-09-16 14:42:27","2020-09-25 18:24:27","","","64","","","","","","Major women in science","","","","Mason Crest","Broomall, Pennsylvania","English","","","","","WorldCat Discovery Service","","Section: 64 pages : illustrations (chiefly color) ; 29 cm.","","","","Biographies.; Engineering Vocational guidance Juvenile literature.; Engineering Vocational guidance.; Juvenile works.; Women engineers Biography Juvenile literature.; Women engineers.","","","","","","","","","","","","","","","","","","","","","","","","","","","","","","","","","","","","","","","","","","","","","","",""
"XSD55G5A","book","2006","Friend, Robyn C.; Katz, David A.","The women of Apollo","","978-1-880599-80-8","","","","","2006","2020-09-16 14:42:27","2020-09-25 18:25:19","","","65","","","","","","","","","","Cascade","Marina del Rey, Calif.","English","","","","","WorldCat Discovery Service","","Section: 65 pages : illustrations (chiefly color) ; 21 cm","","","","Biographies.; History.; Juvenile works.; Project Apollo (U.S.); Project Apollo (U.S.) History Juvenile literature.; United States.; Women aerospace engineers United States Biography Juvenile literature.; Women aerospace engineers.","","","","","","","","","","","","","","","","","","","","","","","","","","","","","","","","","","","","","","","","","","","","","","",""
"B9IZIWM6","book","2006","","Women and water.","","","","","","","2006","2020-09-16 14:42:27","2020-09-25 18:21:05","","","","","","","","","SA Water celebrating 150 years","","","","SA Water","[Adelaide]","English","","","","","WorldCat Discovery Service","","","","","","History.; SA Water.; Sewerage.; Water-supply engineering History.; Water-supply engineering.; Water-supply.","","","","","","","","","","","","","","","","","","","","","","","","","","","","","","","","","","","","","","","","","","","","","","",""
"BCVQDSIM","book","2015","Vicky","Women in STEM","","","","","","","2015","2020-09-16 14:42:56","2020-09-25 18:13:30","","","8","","","","","","","","","","","","English","","","","","WorldCat Discovery Service","","Section: Approximately 8 pages : illustrations (black and white), portraits ; 11 cm","","","","Fan magazines.; Women in science.; Zines.","","","","","","","","","","","","","","","","","","","","","","","","","","","","","","","","","","","","","","","","","","","","","","",""
"YVYE7NIM","book","2019","Mukherjee, Sumita.","Women in S.T.E.M.","","978-1-09-536665-3","","","","","2019","2020-09-16 14:42:56","2020-09-25 18:16:12","","","61","","","","","","","","","","Sumita Mukherjee","","English","","","","","WorldCat Discovery Service","","Section: 61 pages, col. ill. ;","","","","Science juvenile literature.; Scientists.; Women biography.; Women scientists biography juvenile literature.; Women scientists.","","","","","","","","","","","","","","","","","","","","","","","","","","","","","","","","","","","","","","","","","","","","","","",""
"VEZQWL6E","book","2019","Gaston-Bird, Leslie.","Women in audio.","","978-1-138-31601-0","","","","","2019","2020-09-16 14:42:56","2020-09-25 18:18:17","","","336","","","","","","Audio Engineering Society Presents","","","","Routledge Ltd.","Andover","English","","","","","WorldCat Discovery Service","","Section: 336 p.","","","","Acoustical engineering.; Sound engineers Biography.; Sound engineers.; Sound Research History.; Women engineers.; Women in engineering.; Women in the broadcasting industry Biography.; Women sound engineers Biography.","","","","","","","","","","","","","","","","","","","","","","","","","","","","","","","","","","","","","","","","","","","","","","",""
"PLXXB9M4","book","2000","Riley, Jocelyn.","Women in engineering: a resource guide","","978-1-877933-93-6","","","","","2000","2020-09-16 14:42:56","2020-09-25 18:15:18","","","x, 114","","","","","Women in engineering","","","","","Her Own Words","Madison, Wis.","English","","","","","WorldCat Discovery Service","","Section: x, 114 pages ; 28 cm","","","","Women in engineering.","","","","","","","","","","","","","","","","","","","","","1st ed.","","","","","","","","","","","","","","","","","","","","","","","","","",""
"DME3U2W3","book","2011","Thakur, S.","Women in science, engineering and technology","","978-81-7533-356-7","","","","","2011","2020-09-16 14:42:56","2020-09-25 18:14:56","","","vi, 271","","","","","","","","","","MD Publications","New Delhi","English","","","","","WorldCat Discovery Service","","Section: vi, 271 pages ; 22 cm","","","","Women in engineering.; Women in science.; Women in technology.","","","","","","","","","","","","","","","","","","","","","","","","","","","","","","","","","","","","","","","","","","","","","","",""
"GPGE6M82","book","2018","Christofferson, Debra A.","Women in security: changing the face of technology and innovation","","978-3-319-57794-4","","","","","2018","2020-09-16 14:42:56","2020-09-25 18:20:06","","","xix, 136","","","","","Women in security","Women in engineering and science","","","","Springer","Cham","English","","","","","WorldCat Discovery Service","","Section: xix, 136 pages : color illustrations ; 24 cm.","","","","Computer networks Security measures.; Occupational training for women.; Women Employment.; Women in computer science.; Women Technology.","","","","","","","","","","","","","","","","","","","","","","","","","","","","","","","","","","","","","","","","","","","","","","",""
"WPNU2IEW","book","2017","Lewis, Anna M.","Women of Steel and Stone 22 Inspirational Architects, Engineers, and Landscape Designers.","","978-1-5181-6305-0","","","","","2017","2020-09-16 14:42:56","2020-09-25 18:16:32","","","","","","","","","","","","","Paw Prints","","English","","","","","WorldCat Discovery Service","","Section: p. cm.","","","","Architects.; Biographies.; Engineers.; Ingenjörer.; JUVENILE NONFICTION Architecture.; JUVENILE NONFICTION Biography & Autobiography Science & Technology.; JUVENILE NONFICTION Biography & Autobiography Women.; JUVENILE NONFICTION Girls & Women.; Juvenile works.; Kvinnliga arkitekter.; Kvinnor.; Landscape architects.; Landskapsarkitekter.; Studie- och yrkesorientering.; Vocational guidance.; Women architects Biography Juvenile literature.; Women architects Biography.; Women architects.; Women Biography.; Women engineers Biography Juvenile literature.; Women engineers Biography.; Women engineers.; Women landscape architects Biography Juvenile literature.; Women landscape architects Biography.; Women landscape architects.; Women Vocational guidance Juvenile literature.; Women Vocational guidance.","","","","","","","","","","","","","","","","","","","","","","","","","","","","","","","","","","","","","","","","","","","","","","",""
"6PJVFD9X","book","2017","Ignotofsky, Rachel","Women in science: 50 fearless pioneers who changed the world","","978-1-5263-6051-9","","","","","2017","2020-09-16 14:42:56","2020-09-25 18:17:55","","","127","","","","","Women in science","","","","","Wren & Rook","London","English","","","","","WorldCat Discovery Service","","Section: 127 pages : colour illustrations ; 24 cm.","","","","Biographies.; Juvenile works.; Non-Fiction 9+.; Science, Maths and Technology.; Women scientists Biography Juvenile literature.; Women scientists.","","","","","","","","","","","","","","","","","","","","","","","","","","","","","","","","","","","","","","","","","","","","","","",""
"5KE9YIA8","book","2003","Women into Science and Engineering.","Managing your interview: how to choose your employer and get the best deal : a guide for women engineers and scientists.","","","","","http://www.wisecampaign.org.uk/wise.nsf/Special/Interview/$file/managing.pdf","","2003","2020-09-16 14:42:56","2020-09-25 18:13:09","2020-09-16 14:42:55","","23","","","","","Managing your interview","","","","","WISE","London","English","","","","","WorldCat Discovery Service","","Section: 23 pages : illustrations ; 28 cm","","","","Employment interviewing.; Women in engineering.; Women in science.","","","","","","","","","","","","","","","","","","","","","","","","","","","","","","","","","","","","","","","","","","","","","","",""
"KNX5W3LP","book","2006","Organisation for Economic Co-operation and Development.","Women in scientific careers: unleashing the potential","","978-92-64-02537-0","","","http://liby-travis.liby.waikato.ac.nz/serial/monographs/women_scientific.pdf","","2006","2020-09-16 14:42:56","2020-09-25 18:15:41","2020-09-16 14:42:56","","228","","","","","Women in scientific careers","","","","","OECD","Paris","English","","","","","WorldCat Discovery Service","","Section: 228 pages ; 27 cm","","","","Femmes scientifiques Pays de l'OCDE.; Femmes Travail Pays de l'OCDE.; Forskning genusaspekter.; Karriär.; Kvinnliga forskare OECD-länderna.; Kvinnor arbete och arbetsmarknad OECD-länderna.; OECD countries.; Women Employment OECD countries.; Women Employment.; Women scientists OECD countries.; Women scientists.","","","","","","","","","","","","","","","","","","","","","","","","","","","","","","","","","","","","","","","","","","","","","","",""
"57QBRYSC","book","2019","Reimer, Marilee","Women and careers: transnational studies in public policy and employment equity","","978-1-138-63373-5","","","","","2019","2020-09-16 14:43:07","2020-09-25 18:11:37","","","viii, 173","","","","","Women and careers","Routledge studies in gender and organizations ; 3","","","","Routledge","New York, NY","English","","","","","WorldCat Discovery Service","","Section: viii, 173 pages ; 24 cm.","","","","diversity in the workplace; sex discrimination in employment; vocational guidance; women employment","","","","","","","","","","","","","","","","","","","","","","","","","","","","","","","","","","","","","","","","","","","","","","",""
"88CTML6J","book","2013","United States. Congress. Joint Economic Committee","Women in manufacturing: hearing before the Joint Economic Committee, Congress of the United States, One Hundred Thirteenth Congress, first session, May 15, 2013.","","","","","http://purl.fdlp.gov/GPO/gpo39241","","2013","2020-09-16 14:43:07","2020-09-25 18:10:01","2020-09-16 14:43:06","","iii, 39","","","","","Women in manufacturing","S. hrg. ; 113-56","","","","U.S. Government Printing Office","Washington","English","","","","","WorldCat Discovery Service","","Section: iii, 39 pages : illustrations ; 24 cm.","","","","Legislative hearings.; Manpower policy United States.; Manpower policy.; Manufacturing industries Employees.; Manufacturing industries United States Employees.; United States.; Women Employment United States.; Women Employment.; Women in engineering United States.; Women in engineering.; Women in science United States.; Women in science.; Women in technology United States.; Women in technology.","","","","","","","","","","","","","","","","","","","","","","","","","","","","","","","","","","","","","","","","","","","","","","",""
"MU4Z8IUZ","book","2008","","Women in information technology.","","","","","","","2008","2020-09-16 14:43:07","2020-09-25 18:07:45","","","173","","","","","","Women's studies: an interdisciplinary journal ; v. 37, no. 3, April-May 2008","","","","Taylor & Francis Group","Philadelphia","English","","","","","WorldCat Discovery Service","","Section: 173 pages - 336 pages ; 23 cm.","","","","Information technology.; Women.","","","","","","","","","","","","","","","","","","","","","","","","","","","","","","","","","","","","","","","","","","","","","","",""
"ECPKVY2R","book","2008","United States. Congress. House. Committee on Science and Technology (2007). Subcommittee on Research and Science Education.","Women in academic science and engineering: hearing before the Subcommittee on Research and Science Education, Committee on Science and Technology, House of Representatives, One Hundred Tenth Congress, first session, October 17, 2007.","","978-0-16-080294-2","","","http://purl.access.gpo.gov/GPO/LPS91069","","2008","2020-09-16 14:43:07","2020-09-25 18:10:55","2020-09-16 14:43:06","","iv, 70","","","","","Women in academic science and engineering","","","","","U.S. G.P.O.","Washington","English","","","","","WorldCat Discovery Service","","Section: iv, 70 pages : illustrations ; 24 cm","","","","Electronic government information United States.; Engineering Study and teaching (Higher); Engineering Study and teaching (Higher) United States.; Government publications United States.; Science Study and teaching (Higher); Science Study and teaching (Higher) United States.; United States.; Women college teachers Recruiting United States.; Women college teachers Social conditions.; Women college teachers United States Social conditions.; Women in engineering United States.; Women in engineering.; Women in science United States.; Women in science.","","","","","","","","","","","","","","","","","","","","","","","","","","","","","","","","","","","","","","","","","","","","","","",""
"7VNDZ83H","book","2007","Reed, Brian; Coates, Sue.; Water, Engineering, and Development Centre.","Developing engineers and technicians: notes on giving guidance to engineer and technicians on how infrastructure can meet the needs of men and women","","978-1-84380-110-8","","","","","2007","2020-09-16 14:43:07","2020-09-25 18:11:53","","","120","","","","","Developing engineers and technicians","","","","","Water, Engineering and Development Centre","Loughborough","English","","","","","WorldCat Discovery Service","","Section: [4], 120 p. : ill. ; 30 cm.","","","","Developing countries.; Sanitation Developing countries.; Sanitation.; Water Purification Developing countries.; Water Purification.; Water-supply Developing countries.; Water-supply International cooperation.; Water-supply.","","","","","","","","","","","","","","","","","","","","","","","","","","","","","","","","","","","","","","","","","","","","","","",""
"GSK7UK7N","book","2017","United States. Congress. House. Committee on Science, Space, and Technology (2011),","Women in Aerospace Education Act: report (to accompany H.R. 4254) (Including cost estimate of the Congressional Budget Office).","","","","","","","2017","2020-09-16 14:43:07","2020-09-25 18:10:25","","","19","","","","","Women in Aerospace Education Act","Report / 115th Congress, 1st session, House of Representatives ; 115-472","","","","[U.S. Government Publishing Office]","[Washington, D.C.]","English","","","","","WorldCat Discovery Service","","Section: 19 pages ; 23 cm","","","","Aerospace engineering United States.; Aerospace engineering.; Diversity in the workplace United States.; Diversity in the workplace.; Legislative materials.; United States.; Women Education Law and legislation United States.; Women Education Law and legislation.; Women Employment United States.; Women Employment.; Women in astronautics Education Law and legislation United States.; Women Scholarships, fellowships, etc.; Women Scholarships, fellowships, etc. United States.","","","","","","","","","","","","","","","","","","","","","","","","","","","","","","","","","","","","","","","","","","","","","","",""
"NCSNQ7LB","book","2005","United States. Congress. Senate. Committee on Commerce, Science, and Transportation. Subcommittee on Science, Technology, and Space.","Women in science and technology: hearing before the Subcommittee on Science, Technology, and Space of the Committee on Commerce, Science, and Transportation, United States Senate, One Hundred Seventh Congress, second session, July 24, 2002.","","978-0-16-074699-4","","","http://purl.access.gpo.gov/GPO/LPS61784","","2005","2020-09-16 14:43:07","2020-09-25 18:09:38","2020-09-16 14:43:07","","iii, 36","","","","","Women in science and technology","S. hrg. ; 107-1125","","","","U.S. G.P.O.","Washington","English","","","","","WorldCat Discovery Service","","Section: iii, 36 pages ; 24 cm.","","","","Sex discrimination in education United States.; Sex discrimination in education.; Sex discrimination in employment United States.; Sex discrimination in employment.; United States.; Women in engineering United States.; Women in engineering.; Women in science United States.; Women in science.; Women in technology United States.; Women in technology.","","","","","","","","","","","","","","","","","","","","","","","","","","","","","","","","","","","","","","","","","","","","","","",""
"VQZ7QY2U","book","2005","Association for Women in Science National Conference for Women in the Science, Technology, Engineering, and Mathematics (STEM) Disciplines Smith College, Northampton, Massachusetts June 23-24, 2005.; Sztein, A. Ester.","Women in science: assessing progress, promoting","","","","","","","2005","2020-09-16 14:43:07","2020-09-25 18:12:52","","","39","","","","","Women in science","","","","","Association For Women In Science","Northampton, Massachusetts","English","","","","","WorldCat Discovery Service","","Section: 39 pages : illustrations ; 28 cm","","","","Women in science.","","","","","","","","","","","","","","","","","","","","","","","","","","","","","","","","","","","","","","","","","","","","","","",""
"Z46XM3WD","book","2002","Society of Women Engineers.; Art of engineering.","Petticoats and slide rules: SWE a history of women engineers.","","","","","","","2002","2020-09-16 14:43:07","2020-09-25 18:11:15","","","","","","","","Petticoats and slide rules","","","","","SWE","","English","","","","","WorldCat Discovery Service","","","","","","engineering; slide rules; SWE; women engineers","","","","","","","","","","","","","","","","","","","","","","","","","","","","","","","","","","","","","","","","","","","","","","",""
"MHSCUCN7","book","2012","Brown, Jeannette E.","African American women chemists","","978-0-19-974288-2","","","http://catdir.loc.gov/catdir/enhancements/fy1205/2011013662-t.html","","2012","2020-09-16 14:43:07","2020-09-25 18:12:30","2020-09-16 14:43:07","","xii, 252","","","","","","","","","","Oxford University Press","New York","English","","","","","WorldCat Discovery Service","","Section: xii, 252 pages : illustrations ; 22 cm","","","","African American women chemists Biography.; African American women chemists.; Biographies.; Chemikerin; Chemists United States Biography.; Chemists.; Schwarze; SCIENCE History.; United States.; USA","","","","","","","","","","","","","","","","","","","","","","","","","","","","","","","","","","","","","","","","","","","","","","",""